"u","ratio","dist_ident","resonance"
1,0.467000662814826,0.133667329481493,0.631033148953247
2,0.0845981459133327,0.248735187420001,0.424547788656669
3,0.97348527261056,0.640151939277227,0.11026083882625
4,0.571305583696812,0.237972250363479,0.440581692985593
5,0.0201193657703698,0.313213967562963,0.339997130338786
6,0.723557393997908,0.390224060664575,0.260782719520848
7,0.609393632039428,0.276060298706095,0.386413239706029
8,0.306719348300248,0.0266139850330853,0.912408161961441
9,0.0635098416823894,0.269823491650944,0.394803867601241
10,0.305353470146656,0.0279798631866773,0.908125763813009
11,0.39390188944526,0.0605685561119267,0.811704254663977
12,0.47421786794439,0.140884534611057,0.615539934258561
13,0.891222164500505,0.557888831167172,0.146377901626593
14,0.665011452743784,0.331678119410451,0.319047565935634
15,0.736831574235111,0.403498240901778,0.249127960927944
16,0.911468715872616,0.578135382539283,0.136517862023859
17,0.637849864782766,0.304516531449433,0.350336520466771
18,0.86465141014196,0.531318076808627,0.16040639864873
19,0.287575195310637,0.0457581380226963,0.854185427765787
20,0.129959147889167,0.203374185444166,0.496341243446005
21,0.130315650254488,0.203017683078845,0.496951084349855
22,0.0714961646590382,0.261837168674295,0.405814753986425
23,0.190976467449218,0.142356865884115,0.612426296120868
24,0.267655442701653,0.0656778906316803,0.797544574626702
25,0.517492646584287,0.184159313250954,0.530301864352729
26,0.13172302627936,0.201610307053973,0.499365899768068
27,0.279618517495692,0.0537148158376413,0.83109385139719
28,0.18704940751195,0.146283925821383,0.604198290012489
29,0.205169109860435,0.128164223472898,0.643108217383273
30,0.847897835541517,0.514564502208184,0.169934953653954
31,0.544030372286215,0.210697038952882,0.483978856333208
32,0.488808183930814,0.155474850597481,0.5853709153093
33,0.642342692473903,0.30900935914057,0.344956842386412
34,0.444486637366936,0.111153304033603,0.681914680407868
35,0.521413310430944,0.188079977097611,0.523188733785044
36,0.454900726908818,0.121567393575485,0.657888058425797
37,0.914449141360819,0.581115808027486,0.135123589702423
38,0.0977941891178489,0.235539144215484,0.444289487635739
39,0.351803016848862,0.0184696835155287,0.938365235213934
40,0.356496003456414,0.0231626701230807,0.923319166970648
41,0.239994458854198,0.0933388744791353,0.725066702515769
42,0.949162096017972,0.615828762684639,0.119896194302755
43,0.833197126863524,0.499863793530191,0.178761068999863
44,0.437323735794052,0.103990402460719,0.698947811809887
45,0.23880045232363,0.0945328810097033,0.722090934721043
46,0.0587246571667492,0.274608676166584,0.388350103008889
47,0.476406895089895,0.143073561756562,0.610916355361312
48,0.598464646143839,0.265131312810506,0.401236329326923
49,0.408679376589134,0.0753460432558007,0.771423290444554
50,0.962597062811255,0.629263729477922,0.114474445124859
51,0.755531475413591,0.422198142080258,0.233587720840412
52,0.322878167033195,0.0104551663001383,0.964629453135502
53,0.912581257289276,0.579247923955943,0.135995729277535
54,0.642214721534401,0.308881388201068,0.345108924781378
55,0.963170268340036,0.629836935006703,0.114248658935331
56,0.159048215951771,0.174285117381562,0.548647727177981
57,0.659359536133707,0.326026202800374,0.325319368602243
58,0.961053757695481,0.627720424362148,0.11508457493376
59,0.0143400917295367,0.318993241603797,0.333296119553327
60,0.824674390023574,0.491341056690241,0.184086431021556
61,0.241093482589349,0.0922398507439843,0.72781658661738
62,0.389556712470949,0.0562233791376157,0.823943829747291
63,0.617859616642818,0.284526283309485,0.375308203152615
64,0.397007654886693,0.0636743215533597,0.803067456855866
65,0.874818821437657,0.541485488104324,0.15488617266674
66,0.410170720657334,0.0768373873240007,0.76747087345711
67,0.381462689489126,0.0481293561557927,0.847237449206102
68,0.134501857450232,0.198831475883101,0.504168408678709
69,0.292072807438672,0.0412605258946613,0.867520934001922
70,0.447653817478567,0.114320484145234,0.674516188082765
71,0.349969001021236,0.0166356676879027,0.94431164085698
72,0.704007762484252,0.370674429150919,0.278947422702307
73,0.60886883479543,0.275535501462097,0.387112346011334
74,0.0510991984046996,0.282234134928634,0.378282973099103
75,0.560351643478498,0.227018310145165,0.457522046374146
76,0.153955547371879,0.179377785961454,0.539107851686387
77,0.333095754263923,0.000237579069410299,0.999182029576957
78,0.985058176331222,0.651724842997889,0.105952163626856
79,0.0307072037830949,0.302626129550238,0.352625075277476
80,0.216892923228443,0.11644041010489,0.669608967492
81,0.530423020711169,0.197089687377836,0.507202170921419
82,0.42783292173408,0.0944995884007467,0.722173742612701
83,0.408907590433955,0.0755742571006217,0.770817152933153
84,0.975049362750724,0.641716029417391,0.10966843088936
85,0.624554538633674,0.291221205300341,0.366752751019316
86,0.827503971755505,0.494170638422172,0.1823010269847
87,0.0556155061349273,0.277717827198406,0.384213450949425
88,0.599650572985411,0.266317239652078,0.399600723827449
89,0.427814661990851,0.0944813286575177,0.722219163657639
90,0.840573626803234,0.507240293469901,0.17427645611936
91,0.960467896191403,0.62713456285807,0.115317039862644
92,0.719267075648531,0.385933742315198,0.264665011955185
93,0.545361013617367,0.212027680284034,0.481765763384564
94,0.649989219848067,0.316655886514734,0.335990205268533
95,0.385080205043778,0.0517468717104447,0.836746378518451
96,0.0202046972699463,0.313128636063387,0.340097074069528
97,0.960292729083449,0.626959395750116,0.115386635844936
98,0.0613619389478117,0.271971394385522,0.391893836562658
99,0.964819884393364,0.631486551060031,0.113601355555209
100,0.391505585517734,0.0581722521844007,0.818431547430224
101,0.433657929068431,0.100324595735098,0.707828897735196
102,0.0549445715732872,0.278388761760046,0.383326584721462
103,0.892749937716872,0.559416604383539,0.145609657328432
104,0.264722715131938,0.0686106182013953,0.789528861607241
105,0.614131734706461,0.280798401373128,0.380158278568622
106,0.184938412159681,0.148394921173652,0.599821094440774
107,0.478577715810388,0.145244382477055,0.606365529657099
108,0.112267171265557,0.221066162067776,0.466998639998176
109,0.529616060201079,0.196282726867746,0.50861387666131
110,0.59133070288226,0.257997369548927,0.411217549257051
111,0.454462771303952,0.121129437970619,0.658881212887157
112,0.921406989684328,0.588073656350995,0.131923813241527
113,0.0758123488631099,0.257520984470223,0.41189284380961
114,0.10722979484126,0.226103538492073,0.458965876814525
115,0.366147252032533,0.0328139186991997,0.8931304965071
116,0.906520411605015,0.573187078271682,0.138864570944478
117,0.668401890201494,0.335068556868161,0.315343446920572
118,0.828348686452955,0.495015353119622,0.181771394474964
119,0.615228581707925,0.281895248374592,0.378724779215317
120,0.476543054683134,0.143209721349801,0.610629914304384
121,0.194944716757163,0.13838861657617,0.620854426389494
122,0.989165484905243,0.65583215157191,0.104463810772879
123,0.854719869093969,0.521386535760636,0.165988461401686
124,0.152468711836264,0.180864621497069,0.53635404076608
125,0.911376605508849,0.578043272175516,0.13656118058011
126,0.380783196538687,0.0474498632053537,0.849222654918784
127,0.558331687236205,0.224998353902872,0.4607163247027
128,0.912294254172593,0.57896092083926,0.13613023280165
129,0.79154396103695,0.458210627703617,0.206338521643334
130,0.559487193822861,0.226153860489528,0.458886332757739
131,0.0638051906134933,0.26952814271984,0.395205699884637
132,0.770560672041029,0.437227338707696,0.221803508210465
133,0.0231921765953302,0.310141156738003,0.343614712942126
134,0.15636631147936,0.176967021853973,0.543602977072215
135,0.93065056274645,0.597317229413117,0.127789770446867
136,0.884179549058899,0.550846215725566,0.149972038668347
137,0.0478178067132831,0.28551552662005,0.374031592077827
138,0.414397442247719,0.0810641089143857,0.756378737383707
139,0.128765850327909,0.204567483005424,0.494305401664438
140,0.709088711533695,0.375755378200362,0.274108155072168
141,0.222578893881291,0.110754439452042,0.682852158170534
142,0.113029161700979,0.220304171632354,0.468225916108988
143,0.293514963006601,0.0398183703267323,0.871840879400174
144,0.59517349419184,0.261840160858507,0.40581057163015
145,0.205659774597734,0.127673558735599,0.644196002332164
146,0.204337878618389,0.128995454714944,0.64126959956037
147,0.592395370127633,0.2590620367943,0.409712341029391
148,0.295008287765086,0.0383250455682473,0.876336772542919
149,0.231347730150446,0.101985603182887,0.70379090766553
150,0.712586887180805,0.379253553847472,0.270825260722981
151,0.352702881442383,0.0193695481090497,0.935461324124729
152,0.458049188833684,0.124715855500351,0.650792201511631
153,0.245076714083552,0.0882566192497813,0.737870778919117
154,0.585546315647662,0.252212982314329,0.419492579845663
155,0.95022114017047,0.616887806837137,0.119459643573759
156,0.441218250896782,0.107884917563449,0.689634681616994
157,0.804960623849183,0.47162729051585,0.197020240032398
158,0.701526781544089,0.368193448210756,0.281341343669457
159,0.64388205925934,0.310548725926007,0.343132681462205
160,0.775012125726789,0.441678792393456,0.218428675507895
161,0.662408689502627,0.329075356169294,0.321920630233182
162,0.100540116196498,0.232793217136835,0.448511480777532
163,0.821240069111809,0.487906735778476,0.186276919245106
164,0.420527836540714,0.0871945032073807,0.740575073611982
165,0.115458688233048,0.217874645100285,0.472160534188242
166,0.941388286883011,0.608054953549678,0.123149865181668
167,0.0762060612905771,0.257127272042756,0.412451783534743
168,0.373154794098809,0.0398214607654757,0.871831599097071
169,0.337646642234176,0.00431330890084269,0.985253274269793
170,0.139779637334868,0.193553695998465,0.513417251538669
171,0.592348381644115,0.259015048310782,0.409778656174353
172,0.887012286577374,0.553678953244041,0.14851588648795
173,0.561138415476307,0.227805082142974,0.456283878001433
174,0.872356756590307,0.539023423256974,0.156205224904886
175,0.699811428552493,0.36647809521916,0.283008505515335
176,0.18051486951299,0.152818463820343,0.590751356173056
177,0.536253434605896,0.202920101272563,0.497118140545069
178,0.567515544360504,0.234182211027171,0.446370846148574
179,0.0910342112183571,0.242299122114976,0.434064277730216
180,0.214178418042138,0.119154915291195,0.663377499612754
181,0.828686247812584,0.495352914479251,0.181560175504041
182,0.232066916301847,0.101266417031486,0.705536448787259
183,0.613586943829432,0.280253610496099,0.380872296161097
184,0.0408083365764469,0.292524996756886,0.365109462450376
185,0.827842893544585,0.494509560211252,0.182088339348698
186,0.941727305296808,0.608393971963475,0.123006147304173
187,0.930512229213491,0.597178895880158,0.127850672808079
188,0.143610761966556,0.189722571366777,0.52023706363648
189,0.340908695477992,0.0075753621446587,0.974245271491011
190,0.757878005504608,0.424544672171275,0.231707411164218
191,0.485302888555452,0.151969555222119,0.592481203772842
192,0.097450943896547,0.235882389436786,0.443764534006197
193,0.637305839452893,0.30397250611956,0.350993600989676
194,0.794622986344621,0.461289653011288,0.204161815441978
195,0.0344665902666748,0.298866743066659,0.357220779464095
196,0.02093760157004,0.312395731763293,0.340956692159809
197,0.487987429369241,0.154654096035908,0.587028079582196
198,0.651267184177414,0.317933850844081,0.334514509014781
199,0.649865266634151,0.316531933300818,0.336133682908577
200,0.672648461069912,0.339315127736579,0.310764590549753
201,0.437973520718515,0.104640187385182,0.697385255844508
202,0.505399401765317,0.172066068431984,0.552857205942587
203,0.696921726455912,0.363588393122579,0.285839393954785
204,0.868254345608875,0.534921012275542,0.15842809334095
205,0.256875130580738,0.0764582027525953,0.768473878921778
206,0.974563782569021,0.641230449235688,0.109852005627777
207,0.983658239711076,0.650324906377743,0.106464284862161
208,0.647136348299682,0.313803014966349,0.339308014694752
209,0.464318551588804,0.130985218255471,0.636889723015264
210,0.0532227610237896,0.280110572309544,0.38105998803518
211,0.0985497692599893,0.234783564073344,0.44544724864966
212,0.321363753871992,0.0119695794613413,0.959610885130173
213,0.103463968494907,0.229869364838426,0.453051155886889
214,0.607096063904464,0.273762730571131,0.389483301074891
215,0.388866129331291,0.0555327959979577,0.825906002730061
216,0.109046516939998,0.224286816393335,0.461846825294212
217,0.297676640329883,0.0356566930034503,0.884428078491522
218,0.523086383240297,0.189753049906964,0.52018245268288
219,0.56334081152454,0.230007478191207,0.452835685932462
220,0.479465182172135,0.146131848838802,0.6045148556933
221,0.489494747016579,0.156161413683246,0.583988287483357
222,0.513318367535248,0.179985034201915,0.537981445762917
223,0.397902999306098,0.0645696659727647,0.800594709315186
224,0.270080430433154,0.0632529029001793,0.804233965915448
225,0.456016894895583,0.12268356156225,0.655363681971684
226,0.894944100407884,0.561610767074551,0.144513365791045
227,0.353472963208333,0.0201396298749997,0.932983366128578
228,0.114766494603828,0.218566838729505,0.471036170593632
229,0.982036493485793,0.64870316015246,0.107060643425134
230,0.494224174646661,0.160890841313328,0.574552300297717
231,0.685977172804996,0.352643839471663,0.296820313871383
232,0.00781250023283064,0.325520833100503,0.325886135217613
233,0.565308027667925,0.231974694334592,0.449777743416022
234,0.649679919239134,0.316346585905801,0.336348339514888
235,0.604519105283543,0.27118577195021,0.392955720712205
236,0.330666082911193,0.00266725042214033,0.990855130653059
237,0.740588585147634,0.407255251814301,0.245924900883945
238,0.0494566995184869,0.283876633814846,0.376148940324284
239,0.684411577181891,0.351078243848558,0.298425228020674
240,0.0723416476976126,0.260991685635721,0.406998265132075
241,0.561241626506671,0.227908293173338,0.456121700296839
242,0.816351762507111,0.483018429173778,0.18943982195686
243,0.680641106097028,0.347307772763695,0.302326096934937
244,0.0971625384408981,0.236170794892435,0.443323930979488
245,0.108783680247143,0.22454965308619,0.461428904007972
246,0.215520267141983,0.11781306619135,0.666450591294622
247,0.142643663100898,0.190689670232435,0.518507023632921
248,0.0642791639547795,0.269054169378554,0.395851411749403
249,0.975172787671909,0.641839454338576,0.10962181872359
250,0.942834378685802,0.609501045352469,0.122537999942057
251,0.930473621701822,0.597140288368489,0.127867675230789
252,0.297259743092582,0.0360735902407513,0.88315900471507
253,0.481597636593506,0.148264303260173,0.600091010843772
254,0.896400824654847,0.563067491321514,0.143790090887926
255,0.782780539477244,0.449447206143911,0.212661650640535
256,0.470392418093979,0.137059084760646,0.623704069008763
257,0.685217577964067,0.351884244630734,0.29759790442973
258,0.96548528294079,0.632151949607457,0.113341294758246
259,0.611365264514461,0.278031931181128,0.3837980014832
260,0.31556655280292,0.0177667805304133,0.940639810049814
261,0.255502675427124,0.0778306579062093,0.764849711273074
262,0.970005207927898,0.636671874594565,0.111590439295565
263,0.0325944670476019,0.300738866285731,0.354924742998406
264,0.285944575909525,0.0473887574238083,0.849401409294746
265,0.29929906129837,0.0340342720349633,0.889384259968746
266,0.838393478887156,0.505060145553823,0.175590056919556
267,0.559782415395603,0.22644908206227,0.458419953174458
268,0.440790399443358,0.107457066110025,0.690651724469867
269,0.00707251532003284,0.3262608180133,0.325056585321786
270,0.413591208634898,0.0802578753015647,0.758482082138553
271,0.769410447916016,0.436077114582683,0.222683986312754
272,0.668274566298351,0.334941232965018,0.315481770459306
273,0.598149487748742,0.264816154415409,0.401672114019299
274,0.357021620962769,0.0236882876294357,0.921649092987967
275,0.747637262800708,0.414303929467375,0.240026205055644
276,0.935112418374047,0.601779085040714,0.125840887200076
277,0.747108459239826,0.413775125906493,0.240463783280614
278,0.466691442998126,0.133358109664793,0.631705595692251
279,0.993171526584774,0.659838193251441,0.10303229665556
280,0.131368378875777,0.201964954457556,0.498756282098616
281,0.533784065395594,0.200450732062261,0.50136434567438
282,0.776085019577295,0.442751686243962,0.217622979319322
283,0.811853019054979,0.478519685721646,0.192398098037704
284,0.535205671330914,0.201872337997581,0.49891541241735
285,0.43054770026356,0.0972143669302267,0.715452426529097
286,0.250703918281943,0.0826294150513903,0.75231172505269
287,0.946317247347906,0.612983914014573,0.12107678989877
288,0.280725973192602,0.0526073601407313,0.834270082530886
289,0.796903216512874,0.463569883179541,0.20256462768697
290,0.851303442614153,0.51797010928082,0.167953245519952
291,0.867248229449615,0.533914896116282,0.158978064792681
292,0.992549302754924,0.659215969421591,0.103253347708426
293,0.959336444968358,0.626003111635025,0.115767320163933
294,0.621785291470587,0.288451958137254,0.370267667865863
295,0.688087300630286,0.354753967296953,0.29467083978031
296,0.373012033523992,0.0396787001906587,0.872260399097512
297,0.676129893632606,0.342796560299273,0.307060382676075
298,0.500885274261236,0.167551940927903,0.561520329927094
299,0.446801119716838,0.113467786383505,0.676500146288551
300,0.181317956885323,0.15201537644801,0.592387703233833
301,0.871884624008089,0.538551290674756,0.156459450810645
302,0.930401981575415,0.597068648242082,0.127899230929424
303,0.604932487476617,0.271599154143284,0.392396615758611
304,0.907300001243129,0.573966667909796,0.138492194955108
305,0.735603379318491,0.402270045985158,0.250184087091566
306,0.696120344800875,0.362787011467542,0.28662946855269
307,0.741255399305373,0.40792206597204,0.24536072335306
308,0.0378300349693745,0.295503298363959,0.361383201981387
309,0.243676544865593,0.0896567884677403,0.734320837939278
310,0.913656527176499,0.580323193843166,0.135492986455454
311,0.0184221940580755,0.314911139275258,0.338015423576219
312,0.277141973609105,0.0561913597242283,0.824034704246276
313,0.571134614525363,0.23780128119203,0.440841218008382
314,0.652206971077248,0.318873637743915,0.333433451638879
315,0.885925589827821,0.552592256494488,0.149072817512404
316,0.618097526952624,0.284764193619291,0.375000784301495
317,0.476061867550015,0.142728534216682,0.611642796950837
318,0.0252350121736526,0.308098321159681,0.346040993754889
319,0.72092902334407,0.387595690010737,0.26315431080727
320,0.609419374028221,0.276086040694888,0.386378980133002
321,0.928898472338915,0.595565139005582,0.128563289129096
322,0.782899006968364,0.449565673635031,0.212574893171646
323,0.306703994050622,0.0266293392827113,0.912359910177027
324,0.824731333181262,0.491397999847929,0.184050329306037
325,0.759697946952656,0.426364613619323,0.23025949316924
326,0.758197088493034,0.424863755159701,0.231452896945512
327,0.883815196109936,0.550481862776603,0.150160365511866
328,0.892599122831598,0.559265789498265,0.145685315230745
329,0.935019354335964,0.601686021002631,0.125881231332032
330,0.577300752745941,0.243967419412608,0.43157721108559
331,0.183779110666364,0.149554222666969,0.597430761230353
332,0.2217387186829,0.111594614650433,0.680878938636214
333,0.0325593471061438,0.30077398622719,0.354881812009068
334,0.876676808809862,0.543343475476529,0.15389813476358
335,0.0997544759884477,0.233578857344886,0.447299440929263
336,0.819041865412146,0.485708532078813,0.187692645306355
337,0.581059099175036,0.247725765841703,0.426026425310641
338,0.62486013234593,0.291526799012597,0.366366920697251
339,0.198740567080677,0.134592766252656,0.62902491617751
340,0.815769571345299,0.482436238011966,0.189820080955788
341,0.455399315804243,0.12206598247091,0.656759227620819
342,0.730367501731962,0.397034168398629,0.254736883507688
343,0.897688612574711,0.564355279241378,0.143153709325023
344,0.17350218934007,0.159831143993263,0.57665322907169
345,0.10055036097765,0.232782972355683,0.448527307501076
346,0.227219611639157,0.106113721694176,0.693854737422919
347,0.762309948448092,0.428976615114759,0.228197221204148
348,0.081532480660826,0.251800852672507,0.420088480030098
349,0.812851967522874,0.479518634189541,0.191737246304215
350,0.403449115809053,0.0701157824757197,0.785446290631095
351,0.466801704838872,0.133468371505539,0.631465731952369
352,0.589547076961026,0.256213743627693,0.413751611228456
353,0.626673330320045,0.293339996986712,0.36408598447193
354,0.524388335645199,0.191055002311866,0.517854980475046
355,0.290001897141337,0.0433314361919963,0.861354978614201
356,0.106483428506181,0.226849904827152,0.457787507476478
357,0.563155340729281,0.229822007395948,0.453125061599316
358,0.032889116788283,0.30044421654505,0.355285130598742
359,0.0769737199880183,0.256359613345315,0.413543783807431
360,0.0515949728433043,0.281738360490029,0.378929488517942
361,0.229521380970255,0.103811952363078,0.699377548187486
362,0.482785856584087,0.149452523250754,0.597640070860668
363,0.493926496244967,0.160593162911634,0.575141695584803
364,0.217106916941702,0.116226416391631,0.670102697407488
365,0.824166705831885,0.490833372498552,0.184408613776236
366,0.584485779283568,0.251152445950235,0.421027728375119
367,0.249533749651164,0.0837995836821693,0.749285658502449
368,0.423552609980106,0.0902192766467727,0.732899538050327
369,0.737507447367534,0.404174114034201,0.248548679837892
370,0.0118131118360907,0.321520221497243,0.330407764936812
371,0.183597158873454,0.149736174459879,0.597056465439328
372,0.368726497050375,0.0353931637170417,0.88523122657727
373,0.401121043600142,0.0677877102668087,0.791769862285301
374,0.280124712036923,0.0532086212964103,0.832544136160469
375,0.850611444329843,0.51727811099651,0.168354036733384
376,0.559637418016791,0.226304084683458,0.458648955145494
377,0.283757436089218,0.0495758972441153,0.843026678831904
378,0.227816021069884,0.105517312263449,0.695281547977689
379,0.192953578662127,0.140379754671206,0.616611066323998
380,0.645754187833518,0.312420854500185,0.340927189954353
381,0.293301111320034,0.0400322220132993,0.87119893550085
382,0.583207387011498,0.249874053678165,0.422885697271591
383,0.741502003278583,0.40816866994525,0.245152404878249
384,0.775978582212701,0.442645248879368,0.217702776138245
385,0.743862400762737,0.410529067429404,0.243167388076548
386,0.0288325857836753,0.304500747549658,0.350355567118299
387,0.756590494420379,0.423257161087046,0.232737231184741
388,0.0123767738696188,0.320956559463715,0.331049857708197
389,0.456658018752933,0.1233246854196,0.653918069172864
390,0.28282623924315,0.0505070940901833,0.840327114791512
391,0.932604930596426,0.599271597263093,0.126932439319997
392,0.361415214138106,0.0280818808047727,0.907806718785364
393,0.435446021147072,0.102112687813739,0.703482909066842
394,0.518634675070643,0.18530134173731,0.528219995744747
395,0.910821430850774,0.577488097517441,0.136822564760099
396,0.716792305931449,0.383458972598116,0.266930650897616
397,0.83532533259131,0.501991999257977,0.177455490839733
398,0.10124705452472,0.232086278808613,0.449604910928333
399,0.779686661669984,0.446353328336651,0.214939974735423
400,0.380960332695395,0.0476269993620617,0.848704686341152
401,0.181047709193081,0.152285624140252,0.59183654915976
402,0.0430156195070595,0.290317713826274,0.367895841129112
403,0.495283449767157,0.161950116433824,0.572459858338884
404,0.257790738949552,0.0755425943837813,0.770901220859143
405,0.275705949170515,0.0576273841628183,0.819968952725541
406,0.806611695094034,0.473278361760701,0.195902992356753
407,0.882216226076707,0.548882892743374,0.150989641734276
408,0.281221776502207,0.0521115568311263,0.835695998965617
409,0.586431843228638,0.253098509895305,0.418215049176968
410,0.731694624293596,0.398361290960263,0.253575119948336
411,0.804219109239057,0.470885775905724,0.197524079726843
412,0.753845494007692,0.420512160674359,0.234948136121305
413,0.864153623813763,0.53082029048043,0.160681659291579
414,0.806931865634397,0.473598532301064,0.195687073735011
415,0.369825559668243,0.0364922263349097,0.8818864701079
416,0.902548506855965,0.569215173522632,0.140777379397734
417,0.26997156534344,0.0633617679898933,0.803932459380987
418,0.749711747746915,0.416378414413582,0.238317270611933
419,0.164799288613722,0.168534044719611,0.559624079735129
420,0.134552288800478,0.198781044532855,0.504255991927146
421,0.0720831064973027,0.261250226836031,0.40663599204976
422,0.747286522993818,0.413953189660485,0.240316348776902
423,0.0703720902092755,0.262961243124058,0.404246596938924
424,0.413313650060445,0.0799803167271117,0.759207544172585
425,0.16991310287267,0.163420230460663,0.569568485582984
426,0.267798778600991,0.0655345547323423,0.797938418645648
427,0.561109685339034,0.227776352005701,0.456329032540918
428,0.602408066159114,0.269074732825781,0.395823375504619
429,0.116340332431719,0.216993000901614,0.473596518573291
430,0.327578630065545,0.00575470326778832,0.980373944239637
431,0.207578167784959,0.125755165548374,0.648466695481009
432,0.572766233468428,0.239432900135095,0.438370698600669
433,0.926691668108106,0.593358334774773,0.129544222409092
434,0.602813132107258,0.269479798773925,0.395271512410233
435,0.564263055101037,0.230929721767704,0.45139952272811
436,0.576141149969772,0.242807816636439,0.433304410356372
437,0.296557679772377,0.0367756535609563,0.881025973062813
438,0.463015551213175,0.129682217879842,0.639754499905422
439,0.00760938297025859,0.325723950363075,0.325658222838846
440,0.202083282638341,0.131250050694992,0.636309032857837
441,0.579238498583436,0.245905165250103,0.428706338440438
442,0.957721434766427,0.624388101433094,0.116413088624343
443,0.848284468520433,0.5149511351871,0.169708802100958
444,0.878168892115355,0.544835558782022,0.153109241887396
445,0.364243653835729,0.0309103205023957,0.899005685550818
446,0.170274780131876,0.163058553201457,0.570278463427279
447,0.673691831761971,0.340358498428638,0.309649790113103
448,0.0376331137958914,0.295700219537442,0.361138171447865
449,0.906965374713764,0.573632041380431,0.138651908986898
450,0.618226842489094,0.284893509155761,0.374833793222672
451,0.671883011469617,0.338549678136284,0.31158499472489
452,0.500062473118305,0.166729139784972,0.563113943494649
453,0.0131531443912536,0.32018018894208,0.331936299754274
454,0.845546433003619,0.512213099670286,0.171316853846671
455,0.156615580897778,0.176717752435555,0.544069899118943
456,0.534750741673633,0.2014174083403,0.499697793920575
457,0.5473595589865,0.214026225653167,0.478460826780433
458,0.946666326839477,0.613332993506144,0.120931300524632
459,0.15958594949916,0.173747383834173,0.549664842202239
460,0.994481216650456,0.661147883317123,0.102568561705198
461,0.265701696509495,0.0676316368238383,0.792195609503742
462,0.427592042367905,0.0942587090345717,0.722773158944
463,0.301367876585573,0.0319654567477603,0.895744397536571
464,0.897510064765811,0.564176731432478,0.14324177319831
465,0.0865396098233759,0.246793723509957,0.427396286525186
466,0.941678720060736,0.608345386727403,0.123026733427789
467,0.288448526524007,0.0448848068093263,0.856758734755363
468,0.147164608119056,0.186168725214277,0.526644255943152
469,0.997504265978932,0.664170932645599,0.10150611407151
470,0.452170507749543,0.11883717441621,0.66410390423348
471,0.709280684124678,0.375947350791345,0.273926969040697
472,0.373053157003596,0.0397198236702627,0.872136857743346
473,0.315766172949225,0.0175671603841083,0.941286780044504
474,0.496568645350635,0.163235312017302,0.569931372739831
475,0.256231152685359,0.0771021806479743,0.766771228020565
476,0.703656007535756,0.370322674202423,0.279285590919496
477,0.633125889580697,0.299792556247364,0.356083479783674
478,0.577794947661459,0.244461614328126,0.430843214043176
479,0.477046200772747,0.143712867439414,0.609572602653395
480,0.0380077396985143,0.295325593634819,0.36160446405021
481,0.161272415658459,0.172060917674874,0.552867014271061
482,0.848224956775084,0.514891623441751,0.169743592440777
483,0.688254678854719,0.354921345521386,0.294501008360642
484,0.252247109776363,0.0810862235569703,0.756321125801776
485,0.214137760223821,0.119195573109512,0.663284606930531
486,0.0993131923023611,0.234020141030972,0.44662009132971
487,0.255198141327128,0.0781351920062053,0.764047864492034
488,0.616088678129017,0.282755344795684,0.377604477936135
489,0.974594592815265,0.641261259481932,0.109840348616406
490,0.100036651361734,0.233296681971599,0.447734387220879
491,0.350466843927279,0.0171335105939457,0.942693775142243
492,0.55060518742539,0.217271854092057,0.473141862834978
493,0.565336358034983,0.23200302470165,0.449733856397524
494,0.246448347810656,0.0868849855226773,0.741365011929901
495,0.0976915145292878,0.235641818804045,0.444132393735768
496,0.181625043740496,0.151708289592837,0.593014611600247
497,0.673642382957041,0.340309049623708,0.309702533823594
498,0.36898797750473,0.0356546441713967,0.884434319826876
499,0.574826459633186,0.241493126299853,0.435270971041814
500,0.968147431733087,0.634814098399754,0.112306776840029
501,0.870829683030024,0.537496349696691,0.157028993562975
502,0.542184302350506,0.208850969017173,0.487066044541824
503,0.254507377976552,0.0788259553567813,0.762232179863494
504,0.948940289905295,0.615606956571962,0.11998782730562
505,0.612807336263359,0.279474002930026,0.381896404155755
506,0.863623817684129,0.530290484350796,0.160975144831979
507,0.99638126953505,0.663047936201717,0.101899499148987
508,0.614690851187333,0.281357517854,0.379426877253193
509,0.584414765937254,0.251081432603921,0.421130722130828
510,0.838647791184485,0.505314457851152,0.175436317870437
511,0.439762839348987,0.106429506015654,0.693100461817349
512,0.1055071009323,0.227826232401033,0.456250639450665
513,0.617804926587269,0.284471593253936,0.375378907225266
514,0.962332286173478,0.628998952840145,0.114578891497992
515,0.98351878952235,0.650185456189017,0.106515433545053
516,0.109971231780946,0.223362101552387,0.463320171132625
517,0.671020642388612,0.337687309055279,0.312511871431458
518,0.0677982117049396,0.265535121628394,0.40067865434106
519,0.661082473583519,0.327749140250186,0.323394511317681
520,0.865471062483266,0.532137729149933,0.15995418301006
521,0.919855896616355,0.586522563283022,0.132630502977748
522,0.381742167053744,0.0484088337204107,0.846422275458228
523,0.145352685358375,0.187980647974958,0.523367759897203
524,0.560678508132696,0.227345174799363,0.457007241510654
525,0.829236072255298,0.495902738921965,0.181216664562442
526,0.0916438635904342,0.241689469742899,0.434976707561115
527,0.345054454868659,0.0117211215353257,0.960432448311442
528,0.385306158335879,0.0519728250025457,0.836095424020457
529,0.567360782762989,0.234027449429656,0.446608848849685
530,0.68660501530394,0.353271681970607,0.296179130964878
531,0.573193702613935,0.239860369280602,0.437725737211136
532,0.383662363979965,0.0503290306466317,0.840842656059058
533,0.67111066239886,0.337777329065527,0.31241498892752
534,0.828132310416549,0.494798977083216,0.181906914554673
535,0.0878171911463141,0.245516142187019,0.429281160402222
536,0.0255482289940119,0.307785104339321,0.346414513888799
537,0.862762228120118,0.529428894786785,0.161453566595077
538,0.968218474881724,0.634885141548391,0.112279299028888
539,0.390490808757022,0.0571574754236887,0.821297171274902
540,0.4895049915649,0.156171658231567,0.583967681355318
541,0.648436261573806,0.315102928240473,0.337792208357906
542,0.772137359483168,0.438804026149835,0.220602233306643
543,0.306104167364538,0.0272291659687953,0.91047690926809
544,0.107962880982086,0.225370452351247,0.460126231937647
545,0.537402847083285,0.204069513749952,0.49515395176741
546,0.381181887118146,0.0478485537848127,0.848057277789923
547,0.114480655174702,0.218852678158631,0.470572649260525
548,0.067295502172783,0.26603783116055,0.399985476784115
549,0.237095378572121,0.0962379547612123,0.717862617980783
550,0.533011873951182,0.199678540617849,0.502699597588881
551,0.394611331634223,0.0612779983008897,0.80972322293129
552,0.360260168090463,0.0269268347571297,0.911425513738855
553,0.857385482871905,0.524052149538572,0.164471445760486
554,0.952170570148155,0.618837236814822,0.118660216713914
555,0.894620997598395,0.561287664265062,0.144674281163741
556,0.118088556220755,0.215244777112578,0.47645687950373
557,0.636615748517215,0.303282415183882,0.351828874807494
558,0.561313876649365,0.227980543316032,0.456008206399238
559,0.312133884290233,0.0211994490431003,0.929583824648551
560,0.704435079591349,0.371101746258016,0.278537161760803
561,0.196520858444273,0.13681247488906,0.624234074779951
562,0.397540318779647,0.0642069854463137,0.801595435688553
563,0.495780880795792,0.162447547462459,0.571479887789987
564,0.331211597658694,0.0021217356746393,0.992718641107564
565,0.773798166308552,0.440464832975219,0.219343903299233
566,0.830030268291011,0.496696934957678,0.180721625940247
567,0.885441614314914,0.552108280981581,0.149321526215622
568,0.0728329254779965,0.260500407855337,0.407687542911
569,0.531833594432101,0.198500261098768,0.504743901878879
570,0.489244504133239,0.155911170799906,0.584491857836933
571,0.508795936126262,0.175462602792929,0.546427099014249
572,0.955502534285188,0.622169200951855,0.117306203619832
573,0.234475827543065,0.0988575057902683,0.711414729231062
574,0.194650116143748,0.138683217189585,0.620224760437393
575,0.440710385330021,0.107377051996688,0.690842091900353
576,0.642281923210248,0.308948589876915,0.345029053042988
577,0.879525034455582,0.546191701122249,0.152395732190646
578,0.299881529295817,0.0334518040375163,0.891170354047468
579,0.410136920632794,0.0768035872994607,0.76756022690233
580,0.970573333324865,0.637239999991532,0.111372290185256
581,0.742132446728647,0.408799113395314,0.244620642073771
582,0.90661004697904,0.573276713645707,0.138821705142206
583,0.599096342222765,0.265763008889432,0.40036427577661
584,0.601022080285475,0.267688746952142,0.397717481940932
585,0.652956568170339,0.319623234837006,0.332573678961153
586,0.20323518384248,0.130098149490853,0.638838635183872
587,0.509529665345326,0.176196332011993,0.545047901441004
588,0.95916005782783,0.625826724494497,0.115837674672861
589,0.790744303492829,0.457410970159496,0.206907623081683
590,0.880421053152531,0.547087719819198,0.151926133374603
591,0.0963156733196229,0.23701766001371,0.442032684104445
592,0.392862800741568,0.0595294674082347,0.814614535825741
593,0.746455607237294,0.413122273903961,0.241005110543374
594,0.595539566362277,0.262206233028944,0.405299215570453
595,0.477234041783959,0.143900708450626,0.609178342872355
596,0.845038768369704,0.511705435036371,0.171616676095447
597,0.838157803984359,0.504824470651026,0.175732649405561
598,0.0513321924954653,0.282001140837868,0.378586671901516
599,0.667057474609464,0.333724141276131,0.316807073787388
600,0.255047285929322,0.0782860474040113,0.763650969425911
601,0.0235030176118016,0.309830315721532,0.343982799268002
602,0.536324496846646,0.202991163513313,0.496996479241766
603,0.883966513676569,0.550633180343236,0.150082123753983
604,0.0325729087926447,0.300760424540689,0.354898389343155
605,0.849699701881036,0.516366368547703,0.168883559835175
606,0.321071098325774,0.0122622350075593,0.958644077295868
607,0.869233252946287,0.535899919612954,0.157894821153153
608,0.60118223563768,0.267848902304347,0.397498149201776
609,0.999657825566828,0.666324492233495,0.100755966891115
610,0.0806428762152791,0.252690457118054,0.418803253659232
611,0.852810418233275,0.519477084899942,0.16708373447164
612,0.996291519608349,0.662958186275016,0.101931004214312
613,0.949377013836056,0.616043680502723,0.119807473759746
614,0.703770585823804,0.370437252490471,0.279175393285742
615,0.60473647294566,0.271403139612327,0.392661628795207
616,0.463933185907081,0.130599852573748,0.63773564953508
617,0.0796464793384075,0.253686853994926,0.417368410320417
618,0.640702434815466,0.307369101482133,0.346911232777896
619,0.902879546629265,0.569546213295932,0.140616954199329
620,0.0581445859279484,0.275188747405385,0.387574966700053
621,0.393457304453477,0.0601239711201437,0.812948174191049
622,0.105643309187144,0.227690024146189,0.456464739070977
623,0.487345821689814,0.154012488356481,0.588326799495082
624,0.642760178307071,0.309426844973738,0.34446116238468
625,0.87755845207721,0.544225118743877,0.153431503197156
626,0.979088587686419,0.645755254353086,0.108153233496786
627,0.280691206920892,0.0526421264124413,0.834170187038631
628,0.154723801184446,0.178609532148887,0.540536292375729
629,0.995915866456926,0.662582533123593,0.102062976104292
630,0.753847191575915,0.420513858242582,0.234946762379624
631,0.777074239216745,0.443740905883412,0.216882752309368
632,0.647237994009629,0.313904660676296,0.339189242644339
633,0.531802037963644,0.198468704630311,0.504798766221705
634,0.089869829127565,0.243463504205768,0.432326932681332
635,0.530141967814416,0.196808634481083,0.507693402750243
636,0.629980087513104,0.296646754179771,0.359962707639478
637,0.844170092139393,0.51083675880606,0.172130926213394
638,0.936729019274935,0.603395685941602,0.125142135065793
639,0.0809551232960075,0.252378210037326,0.419253913748032
640,0.889905639225617,0.556572305892284,0.147043169979278
641,0.315478518372402,0.0178548149609313,0.940354631289776
642,0.839032825781032,0.505699492447699,0.175203809595387
643,0.991301611764356,0.657968278431023,0.103698032017315
644,0.602849177084863,0.26951584375153,0.395222441917302
645,0.0946681997738779,0.238665133559455,0.439531484665376
646,0.846493349876255,0.513160016542922,0.17075901209811
647,0.75075896224007,0.417425628906737,0.23745921535588
648,0.453674003016204,0.120340669682871,0.660673690530577
649,0.676220139022917,0.342886805689584,0.306964951907202
650,0.276996159926057,0.0563371734072763,0.823620950601789
651,0.279780753422529,0.0535525799108043,0.831558394005905
652,0.978945033857599,0.645611700524266,0.108206723024753
653,0.403291799360886,0.0699584660275527,0.785872002145308
654,0.160619924310595,0.172713409022738,0.551625891871768
655,0.273610810283571,0.0597225230497623,0.814073037183166
656,0.305977318203077,0.0273560151302563,0.910079197199559
657,0.119340964127332,0.213992369206001,0.478516624981181
658,0.396457680501044,0.0631243471677107,0.804590152137908
659,0.463743431959301,0.130410098625968,0.638152596243278
660,0.460861179977655,0.127527846644322,0.644519394656536
661,0.133019849890843,0.20031348344249,0.501601412722627
662,0.596209408482537,0.262876075149204,0.404365199344702
663,0.673667435767129,0.340334102433796,0.309675810555343
664,0.124568809987977,0.208764523345356,0.487211089577402
665,0.114205796504393,0.21912753682894,0.470127364668659
666,0.524458114756271,0.191124781422938,0.51773053230779
667,0.676145871169865,0.342812537836532,0.307043484929993
668,0.0192459556274116,0.314087377705922,0.33897584405308
669,0.469343582633883,0.13601024930055,0.625961308999459
670,0.0223169722594321,0.311016361073901,0.342580443036808
671,0.895004016114399,0.561670682781066,0.144483545560764
672,0.594320356613025,0.260987023279692,0.407004801080001
673,0.806102968286723,0.47276963495339,0.196246560861767
674,0.028782302280888,0.304551031052445,0.350294892920628
675,0.655250181211159,0.321916847877826,0.329956696612218
676,0.15213396330364,0.181199370029693,0.535735985945443
677,0.878537455340847,0.545204122007514,0.152914999109876
678,0.556680204812437,0.223346871479104,0.463344476472378
679,0.264002096140757,0.0693312371925763,0.787571631191459
680,0.532674706308171,0.199341372974838,0.503283733268292
681,0.176605120534077,0.156728212799256,0.582849306304365
682,0.496645539766178,0.163312206432845,0.569780445733456
683,0.42354618688114,0.0902128535478067,0.732915752453576
684,0.22796965111047,0.105363682222863,0.695649557336105
685,0.356930256588385,0.0235969232550517,0.921939173080186
686,0.117125175893307,0.216208157440026,0.474878511977177
687,0.572730157291517,0.239396823958184,0.438425173459348
688,0.708018082426861,0.374684749093528,0.27512082778872
689,0.414826219202951,0.0814928858696177,0.755262498374167
690,0.537014748202637,0.203681414869304,0.49581629033893
691,0.669425817439333,0.336092484106,0.314233264339778
692,0.788346490822732,0.455013157489399,0.208623529025431
693,0.65175943239592,0.318426099062587,0.33394782873348
694,0.104924011742696,0.228409321590637,0.455335242328982
695,0.795898724580184,0.462565391246851,0.203266678706526
696,0.897897325456142,0.564563992122809,0.14305083597796
697,0.991051663644612,0.657718330311279,0.103787344970507
698,0.308451327960938,0.0248820053723953,0.917867438552965
699,0.771340565988794,0.438007232655461,0.221208493245015
700,0.275867107324302,0.0574662260090313,0.820424231430069
701,0.499109666794538,0.165776333461205,0.564965004978269
702,0.101691784337163,0.23164154899617,0.450294145515727
703,0.919326367788017,0.585993034454684,0.132872626085975
704,0.602731578750536,0.269398245417203,0.395382559059442
705,0.77883364725858,0.445500313925247,0.215572413989789
706,0.850289784837514,0.516956451504181,0.168540660784102
707,0.348616212373599,0.0152828790402657,0.948721904810496
708,0.151990996906534,0.181342336426799,0.535472240498282
709,0.761200885288417,0.427867551955084,0.229070601725031
710,0.486255396623164,0.152922063289831,0.590540594382329
711,0.144382688682526,0.188950644650807,0.52162210244153
712,0.374811022309586,0.0414776889762527,0.86687228366138
713,0.279869428137317,0.0534639051960163,0.831812412876273
714,0.929506998043507,0.596173664710174,0.128294105929451
715,0.702155353035778,0.368822019702445,0.280732893105134
716,0.449325254186988,0.115991920853655,0.670644147524239
717,0.141833452042192,0.191499881291141,0.51706206946034
718,0.279574173036963,0.0537591602963703,0.830966921664505
719,0.743381450651214,0.410048117317881,0.243570543244048
720,0.736475008307025,0.403141674973692,0.249434112245537
721,0.942401304841042,0.609067971507709,0.122720921038809
722,0.88263617712073,0.549302843787397,0.150771399465656
723,0.790773745626211,0.457440412292878,0.206886641856204
724,0.500629880465567,0.167296547132234,0.562014497179568
725,0.861652063671499,0.528318730338166,0.162072113522083
726,0.311648443806916,0.0216848895264173,0.928030834759029
727,0.28573411796242,0.0475992153709133,0.848785909358099
728,0.614760972326621,0.281427638993288,0.379335248513208
729,0.72556096338667,0.392227630053337,0.258989255650022
730,0.867952394997701,0.534619061664368,0.158592947941099
731,0.0622151591815054,0.271118174151828,0.393047223395668
732,0.167579022003338,0.165754311329995,0.565007860271263
733,0.790714612463489,0.457381279130156,0.206928783831708
734,0.478657625848427,0.145324292515094,0.606198657768794
735,0.479979900643229,0.146646567309896,0.603444078978106
736,0.701336812460795,0.368003479127462,0.281525491106955
737,0.845482976175845,0.512149642842512,0.171354302224871
738,0.572640364291146,0.239307030957813,0.438560789865278
739,0.965017813257873,0.63168447992454,0.113523935812769
740,0.395182618871331,0.0618492855379977,0.808131487045444
741,0.844920025905594,0.511586692572261,0.171686880031419
742,0.359349469188601,0.0260161358552677,0.914288929535111
743,0.555740913841873,0.22240758050854,0.464845937125618
744,0.232047934783623,0.10128539854971,0.705490323051336
745,0.543506461661309,0.210173128327976,0.484852999580132
746,0.686043136753142,0.352709803419809,0.296752883115181
747,0.18386570783332,0.149467625500013,0.597608983979638
748,0.67174650891684,0.338413175583507,0.311731524711735
749,0.786632590694353,0.45329925736102,0.209858732237052
750,0.20523941423744,0.128093919095893,0.643263966685945
751,0.00950387702323496,0.323829456310098,0.32779018808011
752,0.353001097682863,0.0196677643495297,0.93450094833006
753,0.674137470079586,0.340804136746253,0.309174862789719
754,0.930142327211797,0.596808993878464,0.128013667512151
755,0.956719127483666,0.623385794150333,0.116815675556802
756,0.0379790901206434,0.29535424321269,0.361568782995209
757,0.424454645486549,0.0911213121532157,0.730626007997435
758,0.918493207078427,0.585159873745094,0.133254477760327
759,0.445636151824147,0.112302818490814,0.679220094040555
760,0.324690723558888,0.00864260977444531,0.970670546580147
761,0.991440396057442,0.658107062724109,0.103648473975344
762,0.311041588429362,0.0222917449039713,0.926093070647307
763,0.881583492271602,0.548250158938269,0.151319060718628
764,0.697315608151257,0.363982274817924,0.28545186833278
765,0.225999294780195,0.107334038553138,0.690944450015145
766,0.701256150845438,0.367922817512105,0.281603717278237
767,0.691904265200719,0.358570931867386,0.290822169591277
768,0.429297453025356,0.0959641196920227,0.718540013523005
769,0.608077592682093,0.27474425934876,0.38816878750196
770,0.117926648119465,0.215406685213868,0.476191248847331
771,0.0872003578115255,0.246132975521808,0.428370082523238
772,0.162783186649904,0.170550146683429,0.555751423409504
773,0.673104464542121,0.339771131208788,0.310276875937724
774,0.963453824399039,0.630120491065706,0.114137130635013
775,0.357366413576528,0.0240330802431947,0.920555205128752
776,0.133640580344945,0.199692752988388,0.502674989859985
777,0.248299514874816,0.0850338184585173,0.74610710513073
778,0.225336918141693,0.10799641519164,0.689369887435878
779,0.756218533497304,0.422885200163971,0.233035596623358
780,0.92449752567336,0.591164192340027,0.130526947556417
781,0.113924487959594,0.219408845373739,0.469672067261901
782,0.606201473856345,0.272868140523012,0.390685259018619
783,0.632104108575732,0.298770775242399,0.3573388771114
784,0.732395567698404,0.399062234365071,0.252963653621353
785,0.296104958513752,0.0372283748195813,0.879653233520202
786,0.171696177218109,0.161637156115224,0.573077270972286
787,0.347901967354119,0.0145686340207857,0.951058737224587
788,0.541683064773679,0.208349731440346,0.48790765965345
789,0.230020732386038,0.103312600947295,0.700581470905421
790,0.842669564997777,0.509336231664444,0.173022860048237
791,0.322335641132668,0.0109976922006653,0.962828583025019
792,0.128723686095327,0.204609647238006,0.494233619735415
793,0.812669150764123,0.47933581743079,0.191858018325858
794,0.508712781127542,0.175379447794209,0.546583626240769
795,0.183254068018869,0.150079265314464,0.596351325898716
796,0.100278644356877,0.233054688976456,0.448107733094878
797,0.928492599865422,0.595159266532089,0.128743141959522
798,0.191716185770929,0.141617147562404,0.613988654587536
799,0.503975433064625,0.170642099731292,0.555575434603877
800,0.240905108628795,0.0924282247045383,0.727344513751377
801,0.511446269694716,0.178112936361383,0.541461643305982
802,0.26808286854066,0.0652504647926733,0.79871958734143
803,0.191842064959928,0.141491268373405,0.614254920480056
804,0.037450168048963,0.29588316528437,0.36091067951913
805,0.209146477747709,0.124186855585624,0.651979064977546
806,0.321470253635198,0.0118630796981353,0.959962956385453
807,0.920781741617247,0.587448408283914,0.132208226857625
808,0.295304012484848,0.0380293208484853,0.877229845562369
809,0.399839198915288,0.0665058655819547,0.795273349699489
810,0.780336709925905,0.447003376592572,0.214459264029375
811,0.419556056382135,0.0862227230488017,0.743058042335546
812,0.314442559843883,0.0188907734894503,0.937005234906471
813,0.0219819666817784,0.311351366651555,0.342185375657348
814,0.149777501355857,0.183555831977476,0.53140529615451
815,0.0956680548842996,0.237665278449034,0.441047774424583
816,0.119728325167671,0.213605008165662,0.479155491053317
817,0.798353073885664,0.465019740552331,0.201555579157567
818,0.446274597896263,0.11294126456293,0.677728109156763
819,0.769955205963925,0.436621872630592,0.222266547940325
820,0.0857289789710194,0.247604354362314,0.42620461977302
821,0.0890098279342055,0.244323505399128,0.431048212890215
822,0.23098515975289,0.102348173580443,0.702912548880525
823,0.236806960077956,0.0965263732553773,0.717149837417755
824,0.120450686663389,0.212882646669944,0.480349145308305
825,0.157288998831064,0.176044334502269,0.545333326393287
826,0.686706197215244,0.353372863881911,0.296075928810711
827,0.0394661233294755,0.293867210003858,0.363425438679462
828,0.945308580296114,0.611975246962781,0.121498166550989
829,0.978510413086042,0.645177079752709,0.108368828220211
830,0.769107405794784,0.435774072461451,0.222916541356276
831,0.220378795173019,0.112954538160314,0.677697124883414
832,0.157282090978697,0.176051242354636,0.545320351403524
833,0.738379506859928,0.405046173526595,0.247803239994916
834,0.253071865998209,0.0802614673351243,0.758472698092537
835,0.557678712299094,0.224345378965761,0.461753675604622
836,0.375417564529926,0.0420842311965927,0.865063154035109
837,0.325847761007026,0.00748557232630731,0.974546620426668
838,0.624493706040084,0.291160372706751,0.36682960428324
839,0.231017622165382,0.102315711167951,0.702991147238388
840,0.898144925246015,0.564811591912682,0.142928891370065
841,0.270064937416464,0.0632683959168693,0.804191050441197
842,0.0784379923716187,0.254895340961715,0.415634745649378
843,0.532523051137105,0.199189717803772,0.503546693851036
844,0.304222672479227,0.0291106608541063,0.904595619002351
845,0.165813672589138,0.167519660744195,0.56158276559038
846,0.377017361810431,0.0436840284770977,0.860309540354508
847,0.429523645434529,0.0961903121011957,0.717980427417006
848,0.248039527097717,0.0852938062356163,0.745439273826918
849,0.228704178705812,0.104629154627521,0.69741175745068
850,0.0841224573086947,0.249210876024639,0.423852763216666
851,0.0439153001643717,0.289418033168962,0.369037650067654
852,0.0968926206696779,0.236440712663655,0.44291196828074
853,0.623949196655303,0.29061586332197,0.367518231478223
854,0.305333738215268,0.0279995951180653,0.908064046367884
855,0.948056215420365,0.614722882087032,0.120353754380792
856,0.381003403337672,0.0476700700043387,0.848578790078198
857,0.936477220384404,0.603143887051071,0.12525071581107
858,0.644147190032527,0.310813856699194,0.342819474763385
859,0.137961740372702,0.195371592960631,0.510212547898004
860,0.911449913633987,0.578116580300654,0.136526703406884
861,0.0603207715321332,0.2730125618012,0.390490965952954
862,0.472682977793738,0.139349644460405,0.618802724347818
863,0.54788781167008,0.214554478336747,0.477591065308147
864,0.323859351687133,0.00947398164620034,0.967894973783389
865,0.474611831363291,0.141278498029958,0.614705245409784
866,0.235275990562513,0.0980573427708203,0.713378121319773
867,0.431199886836112,0.0978665535027787,0.713847068076549
868,0.958157196640968,0.624823863307635,0.116238493437356
869,0.400309514952824,0.0669761816194907,0.793986103539378
870,0.412948386976495,0.0796150536431617,0.760163299265125
871,0.656269874889404,0.322936541556071,0.328799861822571
872,0.943656576331705,0.610323242998372,0.122191471154774
873,0.207658099010587,0.125675234322746,0.648645250078409
874,0.339267703937367,0.00593437060403368,0.979767440306567
875,0.152437553042546,0.180895780290787,0.536296481401294
876,0.947514911415055,0.614181578081722,0.120578356012953
877,0.792770497500896,0.459437164167563,0.20546865867772
878,0.682490973733366,0.349157640400033,0.300405923056354
879,0.469765896210447,0.136432562877114,0.625051450587953
880,0.138354327762499,0.194979005570834,0.510902927968867
881,0.7545677467715,0.421234413438167,0.234364384315041
882,0.862494783243164,0.529161449909831,0.16160236184804
883,0.923017117427662,0.589683784094329,0.131194209712985
884,0.579026470659301,0.245693137325968,0.429019536210966
885,0.308249054709449,0.0250842786238843,0.917228183388113
886,0.432082626502961,0.0987492931696277,0.71167993856781
887,0.158941064262763,0.17439226907057,0.548445276344073
888,0.81497029797174,0.481636964638407,0.190343371084162
889,0.866882979404181,0.533549646070848,0.159178192766843
890,0.374310443643481,0.0409771103101477,0.868368205871643
891,0.282382442150265,0.0509508911830683,0.839043578812511
892,0.146028559654951,0.187304773678382,0.524587551406304
893,0.292696908349171,0.0406364249841623,0.869387781111009
894,0.345580484718084,0.0122471513847507,0.958693883270454
895,0.816947236657143,0.48361390332381,0.189051675168754
896,0.752665175125003,0.41933184179167,0.235905245471601
897,0.935247651534155,0.601914318200822,0.12578228540343
898,0.416723035043105,0.0833897017097717,0.750344229377902
899,0.684992227470502,0.351658894137169,0.297828985326282
900,0.0633081092964858,0.270025224036848,0.394529638680555
901,0.963087271433324,0.629753938099991,0.114281323900465
902,0.296726887114346,0.0366064462189873,0.881539592653806
903,0.345133235212415,0.0117999018790817,0.960171873231942
904,0.242446364369243,0.0908869689640903,0.731215977893532
905,0.343082415638492,0.0097490823051587,0.966978286452332
906,0.907186231110245,0.573852897776912,0.138546475695492
907,0.379143877886236,0.0458105445529027,0.854031255777727
908,0.00576448231004179,0.327568851023292,0.323595394868346
909,0.916309636551887,0.582976303218554,0.134260460020926
910,0.829657120862976,0.496323787529643,0.180954047708075
911,0.206019055563956,0.127314277769377,0.644993681195613
912,0.931582046905532,0.598248713572199,0.127380432347957
913,0.316239431500435,0.0170939018328983,0.94282239221654
914,0.779189562657848,0.445856229324515,0.21530830639204
915,0.482791586779058,0.149458253445725,0.597628275480958
916,0.680706194369122,0.347372861035789,0.302258327041437
917,0.377290077740327,0.0439567444069937,0.859501806300535
918,0.554032179759815,0.220698846426482,0.467589843363655
919,0.430660393554717,0.0973270602213837,0.715174773993839
920,0.171553524909541,0.161779808423792,0.572795761895348
921,0.597723217215389,0.264389883882056,0.402262291940406
922,0.928802083712071,0.595468750378738,0.128605978717365
923,0.0830788929015398,0.250254440431794,0.422332001746218
924,0.143876179819927,0.189457153513406,0.520712877460315
925,0.446959610329941,0.113626276996608,0.676130947719012
926,0.453240189468488,0.119906856135155,0.661661610422629
927,0.482532519381493,0.14919918604816,0.598161788205943
928,0.28092444431968,0.0524088890136533,0.834840587670005
929,0.915425444720313,0.58209211138698,0.134669968798938
930,0.89638860640116,0.563055273067827,0.143796142266717
931,0.289688444230705,0.0436448891026283,0.860425526201245
932,0.984834880568087,0.651501547234754,0.106033683676791
933,0.239868483273312,0.0934648500600213,0.724752161548956
934,0.0546315482351929,0.27870178509814,0.382913519468655
935,0.414869546890259,0.0815362135569257,0.755149794686187
936,0.323087220313028,0.0102461130203053,0.965324286996453
937,0.886500221444294,0.553166888110961,0.148778059670988
938,0.00223187799565494,0.331101455337678,0.319681898213318
939,0.320363140664995,0.0129701926683383,0.956309316526415
940,0.69014182779938,0.356808494466047,0.292592960006823
941,0.444610567996278,0.111277234662945,0.681623660223813
942,0.0393600375391543,0.293973295794179,0.363292668573733
943,0.00637802784331143,0.326955305490022,0.324279960679474
944,0.476218539755791,0.142885206422458,0.611312822926972
945,0.79134320304729,0.458009869713957,0.206481250050289
946,0.778018681099638,0.444685347766305,0.216178381786967
947,0.442216790281236,0.108883456947903,0.687266882944741
948,0.548963426379487,0.215630093046154,0.475824963263859
949,0.347134153125808,0.0138008197924747,0.953577254869795
950,0.953414311865345,0.620080978532012,0.118152977825576
951,0.540581807959825,0.207248474626492,0.489761862626001
952,0.654292333172634,0.320958999839301,0.331047075078883
953,0.689264573855326,0.355931240521993,0.293478386671015
954,0.588819185271859,0.255485851938526,0.41479023459551
955,0.0534211257472634,0.27991220758607,0.381320431381183
956,0.85900750849396,0.525674175160627,0.163555135127643
957,0.680601110449061,0.347267777115728,0.302367747931096
958,0.00501376390457153,0.328319569428762,0.322759743486391
959,0.773469990584999,0.440136657251666,0.219591979212553
960,0.676073468290269,0.342740134956936,0.307120065215891
961,0.675768358167261,0.342435024833928,0.307442989074782
962,0.506636576959863,0.17330324362653,0.550506348524499
963,0.363982283743098,0.0306489504097647,0.899815379577805
964,0.340186884393916,0.00685355106058266,0.976670423324388
965,0.487372723873705,0.154039390540372,0.588272287365066
966,0.0786145550664514,0.254718778266882,0.415887588083167
967,0.499342620372772,0.166009287039439,0.564511873935155
968,0.702652948675677,0.369319615342344,0.280252159084216
969,0.774320311378688,0.440986978045355,0.218949778843756
970,0.395207192981616,0.0618738596482827,0.808063088233888
971,0.818443489493802,0.485110156160469,0.188079881628713
972,0.0611848779954016,0.272148455337932,0.391654909188253
973,0.691894522169605,0.358561188836272,0.290831929280544
974,0.121028943918645,0.212304389414688,0.481306819502602
975,0.850320361321792,0.516987027988459,0.168522911678405
976,0.966041537933052,0.632708204599719,0.113124347971823
977,0.583570044487715,0.250236711154382,0.422357792580489
978,0.219559353776276,0.113773979557057,0.675787060942515
979,0.183794910786673,0.14953842254666,0.597463274967894
980,0.656635280698538,0.323301947365205,0.328386299554752
981,0.362701782956719,0.0293684496233857,0.903792772012539
982,0.965926793403924,0.632593460070591,0.113169065831101
983,0.457811050582677,0.124477717249344,0.65132622053342
984,0.0816287198103964,0.251704613522937,0.420227754538772
985,0.540477368747815,0.207144035414482,0.489938073932014
986,0.512145621003583,0.17881228767025,0.540158934851644
987,0.07359125954099,0.259742073792343,0.40875380118589
988,0.506965540116653,0.17363220678332,0.549882942955152
989,0.195594364544377,0.137738968788956,0.622245214058596
990,0.230543417157605,0.102789916175728,0.70184386975083
991,0.859064419521019,0.525731086187686,0.163523077960124
992,0.4905484712217,0.157215137888367,0.581872605815761
993,0.00275843357667327,0.33057489975666,0.320262212491618
994,0.45514816744253,0.121814834109197,0.657327598072877
995,0.45128366490826,0.117950331574927,0.666135574702697
996,0.758489450439811,0.425156117106478,0.23121994200688
997,0.0331281337421387,0.300205199591195,0.355577742255728
998,0.355306333629414,0.0219730002960807,0.927110356502916
999,0.164156615966931,0.169176717366402,0.558386672282754
1000,0.403134916909039,0.0698015835757057,0.786296769010438
